{"cameraMode":{"drawMode":0,"name":"Shaded","section":"Shading Mode"},"sceneLighting":true,"audioPlay":false,"sceneViewState":{"showFog":true,"showMaterialUpdate":false,"showSkybox":true,"showFlares":true,"showImageEffects":true,"showParticleSystems":true},"in2DMode":false,"pivot":{"x":-61.855552673339847,"y":-1.9890375137329102,"z":-6.061700820922852},"rotation":{"x":0.024774927645921708,"y":-0.7501006722450256,"z":0.028139634057879449,"w":0.660273551940918},"size":124.13115692138672,"orthographic":false}