{"cameraMode":{"drawMode":0,"name":"Shaded","section":"Shading Mode"},"sceneLighting":true,"audioPlay":false,"sceneViewState":{"showFog":true,"showMaterialUpdate":false,"showSkybox":true,"showFlares":true,"showImageEffects":true,"showParticleSystems":true},"in2DMode":false,"pivot":{"x":-108.0294189453125,"y":-20.501235961914064,"z":39.943153381347659},"rotation":{"x":0.17688946425914765,"y":-0.5515247583389282,"z":0.12101916968822479,"w":0.8061603903770447},"size":208.9329833984375,"orthographic":false}