{"cameraMode":{"drawMode":0,"name":"Shaded","section":"Shading Mode"},"sceneLighting":true,"audioPlay":false,"sceneViewState":{"showFog":true,"showMaterialUpdate":false,"showSkybox":true,"showFlares":true,"showImageEffects":true,"showParticleSystems":true},"in2DMode":false,"pivot":{"x":1.2096738815307618,"y":23.02792739868164,"z":9.060836791992188},"rotation":{"x":-0.19615919888019563,"y":0.07345902919769287,"z":-0.014733043499290944,"w":-0.9777203798294067},"size":97.26909637451172,"orthographic":false}