{"cameraMode":{"drawMode":0,"name":"Shaded","section":"Shading Mode"},"sceneLighting":true,"audioPlay":false,"sceneViewState":{"showFog":true,"showMaterialUpdate":false,"showSkybox":true,"showFlares":true,"showImageEffects":true,"showParticleSystems":true},"in2DMode":false,"pivot":{"x":-4.7002153396606449,"y":19.712963104248048,"z":22.76848602294922},"rotation":{"x":-0.22156666219234467,"y":-0.026333367452025415,"z":0.005989430472254753,"w":-0.9747861623764038},"size":113.66759490966797,"orthographic":false}