{"cameraMode":{"drawMode":0,"name":"Shaded","section":"Shading Mode"},"sceneLighting":true,"audioPlay":false,"sceneViewState":{"showFog":true,"showMaterialUpdate":false,"showSkybox":true,"showFlares":true,"showImageEffects":true,"showParticleSystems":true},"in2DMode":false,"pivot":{"x":11.199763298034668,"y":19.35529899597168,"z":8.647254943847657},"rotation":{"x":-0.16107289493083955,"y":0.05178172513842583,"z":-0.008457167074084282,"w":-0.9855613708496094},"size":92.8919906616211,"orthographic":false}