{"cameraMode":{"drawMode":0,"name":"Shaded","section":"Shading Mode"},"sceneLighting":true,"audioPlay":false,"sceneViewState":{"showFog":true,"showMaterialUpdate":false,"showSkybox":true,"showFlares":true,"showImageEffects":true,"showParticleSystems":true},"in2DMode":false,"pivot":{"x":-19.056991577148439,"y":39.953773498535159,"z":-29.417957305908204},"rotation":{"x":0.07053827494382858,"y":0.3837798237800598,"z":-0.02941589429974556,"w":0.9202672839164734},"size":88.77610778808594,"orthographic":false}