{"cameraMode":{"drawMode":0,"name":"Shaded","section":"Shading Mode"},"sceneLighting":true,"audioPlay":false,"sceneViewState":{"showFog":true,"showMaterialUpdate":false,"showSkybox":true,"showFlares":true,"showImageEffects":true,"showParticleSystems":true},"in2DMode":false,"pivot":{"x":4.363311767578125,"y":24.37138557434082,"z":-2.908031463623047},"rotation":{"x":0.12797272205352784,"y":-0.42922353744506838,"z":0.06158383935689926,"w":0.891970694065094},"size":81.1706771850586,"orthographic":false}