{"cameraMode":{"drawMode":0,"name":"Shaded","section":"Shading Mode"},"sceneLighting":true,"audioPlay":false,"sceneViewState":{"showFog":true,"showMaterialUpdate":false,"showSkybox":true,"showFlares":true,"showImageEffects":true,"showParticleSystems":true},"in2DMode":false,"pivot":{"x":-47.01898956298828,"y":9.511707305908204,"z":-19.048240661621095},"rotation":{"x":0.07638664543628693,"y":-0.8378124237060547,"z":0.1214849129319191,"w":0.5267770886421204},"size":160.8427734375,"orthographic":false}