{"cameraMode":{"drawMode":0,"name":"Shaded","section":"Shading Mode"},"sceneLighting":true,"audioPlay":false,"sceneViewState":{"showFog":true,"showMaterialUpdate":false,"showSkybox":true,"showFlares":true,"showImageEffects":true,"showParticleSystems":true},"in2DMode":false,"pivot":{"x":-73.73841094970703,"y":-28.186065673828126,"z":231.72607421875},"rotation":{"x":-0.12792575359344483,"y":0.1818925440311432,"z":-0.023868542164564134,"w":-0.9746932983398438},"size":521.2306518554688,"orthographic":false}