{"cameraMode":{"drawMode":0,"name":"Shaded","section":"Shading Mode"},"sceneLighting":true,"audioPlay":false,"sceneViewState":{"showFog":true,"showMaterialUpdate":false,"showSkybox":true,"showFlares":true,"showImageEffects":true,"showParticleSystems":true},"in2DMode":false,"pivot":{"x":-9.938766479492188,"y":28.361230850219728,"z":-4.553112030029297},"rotation":{"x":0.09047076851129532,"y":-0.5575674772262573,"z":0.06129981577396393,"w":0.8229138255119324},"size":89.36205291748047,"orthographic":false}