{"cameraMode":{"drawMode":0,"name":"Shaded","section":"Shading Mode"},"sceneLighting":true,"audioPlay":false,"sceneViewState":{"showFog":true,"showMaterialUpdate":false,"showSkybox":true,"showFlares":true,"showImageEffects":true,"showParticleSystems":true},"in2DMode":false,"pivot":{"x":-74.95639038085938,"y":47.407649993896487,"z":19.744705200195314},"rotation":{"x":0.02375473827123642,"y":-0.8368843793869019,"z":0.036425624042749408,"w":0.5456652641296387},"size":410.91436767578127,"orthographic":false}